RA,DEC
21.58813,3.48611
36.66840,-15.68889
